time_interval,location,co_occurrence_frequency
1620_1624,alberta,1
1620_1624,maine,1
1620_1624,mobile,1
1640_1644,austin,1
1640_1644,biloxi,1
1640_1644,carrier,1
1640_1644,maine,4
1640_1644,mobile,1
1645_1649,acton,2
1645_1649,ambala,1
1645_1649,arizona,1
1645_1649,atlanta,1
1645_1649,boise,1
1645_1649,chicago,1
1645_1649,ganges,1
1645_1649,granada,1
1645_1649,hartford,1
1645_1649,hurling,1
1645_1649,idaho,1
1645_1649,kingston,1
1645_1649,maine,7
1645_1649,miami,1
1645_1649,michigan,1
1645_1649,mobile,1
1645_1649,montreal,1
1645_1649,niger,1
1645_1649,ojibwa,1
1645_1649,oregon,1
1645_1649,orissa,1
1645_1649,ottawa,1
1645_1649,silk,1
1645_1649,texas,4
1650_1654,belize,1
1650_1654,indore,1
1650_1654,kedah,1
1650_1654,kingston,1
1650_1654,maine,8
1650_1654,miami,1
1650_1654,niger,2
1650_1654,quebec,1
1650_1654,texas,1
1650_1654,tobago,1
1655_1659,idaho,1
1655_1659,niger,1
1655_1659,silk,1
1660_1664,acadia,1
1660_1664,hartford,1
1660_1664,maine,1
1660_1664,mobile,1
1660_1664,patna,1
1660_1664,tripura,1
1665_1669,carrier,1
1665_1669,delhi,1
1665_1669,maine,2
1665_1669,vermont,1
1670_1674,acton,1
1670_1674,ambala,2
1670_1674,cayes,2
1670_1674,detroit,1
1670_1674,maine,5
1670_1674,miami,1
1675_1679,alexandria,1
1675_1679,maine,2
1680_1684,acton,1
1680_1684,ambala,1
1680_1684,austin,1
1680_1684,bahamas,1
1680_1684,boise,1
1680_1684,carrier,1
1680_1684,frankfort,1
1680_1684,idaho,1
1680_1684,maine,6
1680_1684,niger,1
1680_1684,regina,1
1680_1684,silk,3
1685_1689,bihar,1
1685_1689,carrier,1
1685_1689,cayes,2
1685_1689,frankfort,1
1685_1689,kingston,1
1685_1689,maine,4
1685_1689,silk,2
1685_1689,texas,1
1690_1694,bihar,1
1690_1694,boston,1
1690_1694,carrier,1
1690_1694,colorado,1
1690_1694,ganges,1
1690_1694,hartford,1
1690_1694,maine,2
1690_1694,silk,3
1690_1694,surat,1
1690_1694,toronto,1
1695_1699,accra,2
1695_1699,ambala,3
1695_1699,austin,1
1695_1699,baltimore,1
1695_1699,barbados,3
1695_1699,bengal,1
1695_1699,biloxi,1
1695_1699,camden,1
1695_1699,carrier,1
1695_1699,cayes,2
1695_1699,dallas,1
1695_1699,ganges,1
1695_1699,hartford,1
1695_1699,houston,1
1695_1699,idaho,1
1695_1699,jaipur,1
1695_1699,maine,8
1695_1699,miami,3
1695_1699,mobile,1
1695_1699,newfoundland,2
1695_1699,oregon,2
1695_1699,raleigh,1
1695_1699,silk,9
1695_1699,texas,2
1695_1699,virginia,1
1700_1704,abuja,1
1700_1704,ambala,1
1700_1704,austin,1
1700_1704,barbados,2
1700_1704,belize,1
1700_1704,bengal,1
1700_1704,calgary,1
1700_1704,camden,2
1700_1704,cayes,5
1700_1704,chicago,1
1700_1704,delaware,1
1700_1704,delhi,5
1700_1704,florida,2
1700_1704,frankfort,4
1700_1704,ganges,2
1700_1704,guiana,1
1700_1704,hartford,1
1700_1704,hurling,3
1700_1704,illinois,1
1700_1704,madras,2
1700_1704,maine,13
1700_1704,maryland,2
1700_1704,miami,4
1700_1704,mobile,1
1700_1704,new york,1
1700_1704,newfoundland,3
1700_1704,oregon,2
1700_1704,raleigh,3
1700_1704,regina,1
1700_1704,sacramento,1
1700_1704,silk,14
1700_1704,vancouver,1
1700_1704,varanasi,1
1700_1704,vermont,1
1700_1704,virginia,2
1705_1709,acadia,1
1705_1709,alaska,1
1705_1709,alberta,2
1705_1709,alexandria,1
1705_1709,barbados,1
1705_1709,baroda,1
1705_1709,bihar,2
1705_1709,boston,1
1705_1709,camden,2
1705_1709,carrier,2
1705_1709,cayes,3
1705_1709,delhi,1
1705_1709,detroit,2
1705_1709,florida,1
1705_1709,frankfort,3
1705_1709,hartford,3
1705_1709,hurling,1
1705_1709,illinois,1
1705_1709,indore,2
1705_1709,kaveri,2
1705_1709,lansing,1
1705_1709,mackenzie,2
1705_1709,maine,22
1705_1709,miami,3
1705_1709,mobile,2
1705_1709,navajo,1
1705_1709,new england,1
1705_1709,niger,3
1705_1709,patna,1
1705_1709,pensacola,1
1705_1709,regina,2
1705_1709,sacramento,1
1705_1709,silk,12
1705_1709,sudbury,1
1705_1709,texas,1
1705_1709,topeka,1
1705_1709,virginia,5
1710_1714,acton,1
1710_1714,ambala,1
1710_1714,austin,1
1710_1714,bahamas,1
1710_1714,barbados,8
1710_1714,belize,1
1710_1714,bengal,1
1710_1714,bihar,2
1710_1714,biloxi,1
1710_1714,boise,1
1710_1714,boston,7
1710_1714,brazos,1
1710_1714,calicut,1
1710_1714,carrier,3
1710_1714,cascades,2
1710_1714,cayes,1
1710_1714,charlotte,1
1710_1714,colombo,1
1710_1714,dallas,1
1710_1714,delhi,5
1710_1714,denver,1
1710_1714,detroit,1
1710_1714,dominica,3
1710_1714,florida,3
1710_1714,frankfort,6
1710_1714,ganges,1
1710_1714,granada,3
1710_1714,gujarat,1
1710_1714,hartford,1
1710_1714,idaho,3
1710_1714,indiana,1
1710_1714,lansing,1
1710_1714,madura,1
1710_1714,maine,24
1710_1714,maryland,1
1710_1714,miami,3
1710_1714,mobile,3
1710_1714,new england,2
1710_1714,new york,5
1710_1714,newfoundland,8
1710_1714,niger,1
1710_1714,oregon,1
1710_1714,pensacola,1
1710_1714,raleigh,2
1710_1714,silk,21
1710_1714,south carolina,4
1710_1714,texas,1
1710_1714,topeka,1
1710_1714,vermont,2
1710_1714,virginia,14
1715_1719,acton,1
1715_1719,alaska,1
1715_1719,alexandria,8
1715_1719,ambala,8
1715_1719,atlanta,2
1715_1719,austin,2
1715_1719,bahamas,1
1715_1719,barbados,39
1715_1719,belize,2
1715_1719,bengal,1
1715_1719,boston,8
1715_1719,calabar,1
1715_1719,carrier,1
1715_1719,cayes,1
1715_1719,colorado,1
1715_1719,detroit,3
1715_1719,florida,2
1715_1719,ganges,1
1715_1719,guiana,1
1715_1719,hartford,1
1715_1719,houston,3
1715_1719,hubli,1
1715_1719,idaho,2
1715_1719,illinois,1
1715_1719,indiana,1
1715_1719,indore,2
1715_1719,kansas,2
1715_1719,kingston,1
1715_1719,louisiana,1
1715_1719,mackenzie,2
1715_1719,madras,4
1715_1719,maine,24
1715_1719,maryland,3
1715_1719,massachusetts,2
1715_1719,miami,5
1715_1719,mobile,3
1715_1719,mojave,1
1715_1719,navajo,1
1715_1719,new england,6
1715_1719,new york,1
1715_1719,ontario,1
1715_1719,oregon,2
1715_1719,philadelphia,2
1715_1719,quebec,1
1715_1719,raleigh,1
1715_1719,seattle,1
1715_1719,silk,33
1715_1719,south carolina,1
1715_1719,st lucia,1
1715_1719,sudbury,1
1715_1719,tanjore,1
1715_1719,tobago,1
1715_1719,vermont,1
1715_1719,virginia,13
1720_1724,accra,1
1720_1724,ajmer,1
1720_1724,alaska,1
1720_1724,alberta,2
1720_1724,alexandria,1
1720_1724,allahabad,1
1720_1724,ambala,6
1720_1724,arkansas,1
1720_1724,assam,1
1720_1724,atlanta,1
1720_1724,austin,12
1720_1724,baltimore,2
1720_1724,barbados,7
1720_1724,belize,2
1720_1724,bengal,1
1720_1724,bhopal,1
1720_1724,biloxi,1
1720_1724,boise,1
1720_1724,boston,17
1720_1724,calcutta,1
1720_1724,camden,1
1720_1724,carrier,12
1720_1724,cayes,11
1720_1724,charlotte,1
1720_1724,chicago,1
1720_1724,cleveland,1
1720_1724,colorado,7
1720_1724,connecticut,2
1720_1724,coorg,1
1720_1724,dallas,6
1720_1724,delhi,5
1720_1724,denver,2
1720_1724,detroit,1
1720_1724,edmonton,2
1720_1724,florida,1
1720_1724,fort william,1
1720_1724,gambia,1
1720_1724,ganges,10
1720_1724,granada,1
1720_1724,guiana,1
1720_1724,halifax,2
1720_1724,hartford,2
1720_1724,honduras,5
1720_1724,houston,1
1720_1724,hubli,1
1720_1724,idaho,3
1720_1724,indiana,4
1720_1724,indore,2
1720_1724,jaipur,1
1720_1724,kingston,7
1720_1724,mackenzie,2
1720_1724,madras,2
1720_1724,maine,86
1720_1724,maryland,3
1720_1724,miami,7
1720_1724,mississippi,1
1720_1724,mobile,7
1720_1724,montana,1
1720_1724,montreal,1
1720_1724,new england,12
1720_1724,new york,14
1720_1724,newfoundland,4
1720_1724,niger,5
1720_1724,north carolina,3
1720_1724,ontario,1
1720_1724,oregon,1
1720_1724,ottawa,3
1720_1724,pennsylvania,1
1720_1724,philadelphia,4
1720_1724,raleigh,1
1720_1724,regina,2
1720_1724,rhode island,17
1720_1724,roanoke,1
1720_1724,seattle,2
1720_1724,silk,59
1720_1724,south carolina,13
1720_1724,st lucia,1
1720_1724,sudbury,1
1720_1724,surat,1
1720_1724,texas,6
1720_1724,tucson,1
1720_1724,vermont,4
1720_1724,virginia,23
1720_1724,whitehorse,1
1720_1724,wyoming,1
1725_1729,acadia,1
1725_1729,accra,1
1725_1729,acton,4
1725_1729,alabama,1
1725_1729,alaska,1
1725_1729,alexandria,2
1725_1729,ambala,2
1725_1729,atlanta,1
1725_1729,austin,5
1725_1729,barbados,79
1725_1729,belize,1
1725_1729,bengal,5
1725_1729,bennington,1
1725_1729,bihar,1
1725_1729,biloxi,1
1725_1729,boise,1
1725_1729,boston,10
1725_1729,calgary,1
1725_1729,calicut,1
1725_1729,camden,2
1725_1729,carrier,6
1725_1729,cascades,1
1725_1729,cayes,6
1725_1729,ceylon,1
1725_1729,charlotte,2
1725_1729,chicago,2
1725_1729,colombo,2
1725_1729,dallas,8
1725_1729,delhi,5
1725_1729,denver,1
1725_1729,detroit,4
1725_1729,flathead,1
1725_1729,florida,10
1725_1729,gambia,1
1725_1729,ganges,10
1725_1729,granada,2
1725_1729,guiana,1
1725_1729,gujarat,1
1725_1729,halifax,10
1725_1729,honduras,2
1725_1729,houston,2
1725_1729,hurling,5
1725_1729,idaho,3
1725_1729,indiana,1
1725_1729,jaipur,2
1725_1729,kingston,6
1725_1729,knoxville,4
1725_1729,labrador,1
1725_1729,maine,57
1725_1729,manipur,1
1725_1729,maryland,22
1725_1729,miami,12
1725_1729,mobile,9
1725_1729,montreal,1
1725_1729,new england,29
1725_1729,new york,10
1725_1729,newfoundland,14
1725_1729,niagara,1
1725_1729,niger,5
1725_1729,nova scotia,2
1725_1729,ontario,1
1725_1729,oregon,1
1725_1729,ottawa,1
1725_1729,penang,2
1725_1729,philadelphia,4
1725_1729,quebec,1
1725_1729,raleigh,5
1725_1729,regina,1
1725_1729,rhode island,1
1725_1729,sacramento,1
1725_1729,seattle,2
1725_1729,shillong,1
1725_1729,silk,47
1725_1729,south carolina,35
1725_1729,sudbury,5
1725_1729,surat,1
1725_1729,texas,1
1725_1729,tobago,1
1725_1729,topeka,1
1725_1729,vermont,2
1725_1729,virginia,34
1725_1729,whitehorse,2
1730_1734,accra,1
1730_1734,acton,1
1730_1734,ahmadabad,2
1730_1734,ajmer,1
1730_1734,alabama,1
1730_1734,alexandria,14
1730_1734,atlanta,1
1730_1734,austin,3
1730_1734,bahamas,1
1730_1734,baltimore,5
1730_1734,barbados,101
1730_1734,belize,1
1730_1734,bengal,9
1730_1734,bihar,1
1730_1734,boise,1
1730_1734,boston,43
1730_1734,calabar,1
1730_1734,carrier,7
1730_1734,cayes,3
1730_1734,ceylon,2
1730_1734,charlotte,6
1730_1734,cleveland,17
1730_1734,dallas,3
1730_1734,delaware,10
1730_1734,delhi,1
1730_1734,detroit,2
1730_1734,edmonton,1
1730_1734,florida,11
1730_1734,frankfort,4
1730_1734,gambia,2
1730_1734,ganges,5
1730_1734,granada,2
1730_1734,guiana,7
1730_1734,halifax,5
1730_1734,hartford,3
1730_1734,honduras,1
1730_1734,houston,6
1730_1734,howrah,1
1730_1734,hubli,4
1730_1734,hurling,2
1730_1734,idaho,2
1730_1734,illinois,1
1730_1734,indiana,4
1730_1734,indore,4
1730_1734,johore,1
1730_1734,kingston,13
1730_1734,labrador,1
1730_1734,mackenzie,1
1730_1734,maine,57
1730_1734,malacca,3
1730_1734,maryland,71
1730_1734,miami,8
1730_1734,mobile,7
1730_1734,montreal,2
1730_1734,mysore,1
1730_1734,new england,71
1730_1734,new haven,1
1730_1734,new york,36
1730_1734,newfoundland,45
1730_1734,niger,3
1730_1734,north carolina,19
1730_1734,oregon,1
1730_1734,pennsylvania,2
1730_1734,philadelphia,20
1730_1734,poona,1
1730_1734,quebec,1
1730_1734,raleigh,2
1730_1734,regina,2
1730_1734,rhode island,3
1730_1734,seattle,1
1730_1734,silk,83
1730_1734,south carolina,120
1730_1734,sudbury,4
1730_1734,surat,7
1730_1734,tanjore,1
1730_1734,texas,2
1730_1734,vermont,7
1730_1734,virginia,77
1730_1734,whitehorse,1
1735_1739,alabama,4
1735_1739,alaska,1
1735_1739,alberta,3
1735_1739,alexandria,4
1735_1739,ambala,1
1735_1739,austin,2
1735_1739,baltimore,6
1735_1739,barbados,71
1735_1739,bengal,7
1735_1739,boston,15
1735_1739,carrier,16
1735_1739,cascades,1
1735_1739,cayes,5
1735_1739,charlotte,9
1735_1739,cleveland,3
1735_1739,dallas,2
1735_1739,delhi,7
1735_1739,denver,3
1735_1739,detroit,2
1735_1739,dominica,2
1735_1739,florida,2
1735_1739,frankfort,1
1735_1739,gambia,1
1735_1739,ganges,3
1735_1739,granada,1
1735_1739,guiana,1
1735_1739,gujarat,1
1735_1739,halifax,9
1735_1739,hartford,2
1735_1739,houston,1
1735_1739,idaho,1
1735_1739,illinois,2
1735_1739,indiana,2
1735_1739,indore,1
1735_1739,jaipur,1
1735_1739,johore,1
1735_1739,kansas,1
1735_1739,kingston,5
1735_1739,labrador,1
1735_1739,lansing,1
1735_1739,mackenzie,4
1735_1739,madras,9
1735_1739,maine,53
1735_1739,malabar coast,6
1735_1739,malaya,1
1735_1739,maryland,33
1735_1739,miami,3
1735_1739,mobile,4
1735_1739,mysore,1
1735_1739,new england,32
1735_1739,new hampshire,1
1735_1739,new jersey,1
1735_1739,new york,28
1735_1739,newfoundland,6
1735_1739,niger,4
1735_1739,north carolina,6
1735_1739,nova scotia,1
1735_1739,pennsylvania,2
1735_1739,philadelphia,22
1735_1739,raleigh,1
1735_1739,rhode island,3
1735_1739,san antonio,2
1735_1739,seattle,2
1735_1739,silk,73
1735_1739,south carolina,35
1735_1739,sudbury,5
1735_1739,texas,5
1735_1739,tobago,4
1735_1739,toronto,1
1735_1739,vermont,2
1735_1739,virginia,53
1740_1744,abuja,2
1740_1744,accra,4
1740_1744,ajmer,1
1740_1744,alberta,1
1740_1744,alexandria,1
1740_1744,ambala,1
1740_1744,atlanta,1
1740_1744,austin,2
1740_1744,bahamas,1
1740_1744,baltimore,1
1740_1744,barbados,34
1740_1744,bengal,1
1740_1744,bihar,1
1740_1744,biloxi,1
1740_1744,boston,5
1740_1744,calgary,1
1740_1744,carrier,1
1740_1744,cayes,3
1740_1744,cleveland,4
1740_1744,colorado,1
1740_1744,dallas,2
1740_1744,daman,1
1740_1744,delaware,1
1740_1744,delhi,6
1740_1744,denver,1
1740_1744,detroit,2
1740_1744,dominica,1
1740_1744,edmonton,3
1740_1744,flathead,1
1740_1744,frankfort,11
1740_1744,gambia,1
1740_1744,ganges,7
1740_1744,granada,4
1740_1744,guiana,1
1740_1744,halifax,2
1740_1744,hartford,2
1740_1744,honduras,10
1740_1744,hurling,5
1740_1744,idaho,7
1740_1744,illinois,4
1740_1744,indiana,1
1740_1744,kentucky,1
1740_1744,kingston,5
1740_1744,mackenzie,6
1740_1744,madras,2
1740_1744,maine,47
1740_1744,malacca,1
1740_1744,maryland,21
1740_1744,miami,6
1740_1744,mobile,4
1740_1744,montana,1
1740_1744,montreal,1
1740_1744,new england,45
1740_1744,new jersey,1
1740_1744,new york,18
1740_1744,newfoundland,26
1740_1744,niger,1
1740_1744,north carolina,8
1740_1744,nova scotia,1
1740_1744,ontario,1
1740_1744,orissa,1
1740_1744,patna,1
1740_1744,pennsylvania,2
1740_1744,philadelphia,8
1740_1744,poona,1
1740_1744,raleigh,2
1740_1744,regina,3
1740_1744,seattle,1
1740_1744,silk,25
1740_1744,south carolina,54
1740_1744,st lucia,1
1740_1744,texas,3
1740_1744,tobago,2
1740_1744,tucson,1
1740_1744,vermont,2
1740_1744,virginia,35
1745_1749,accra,1
1745_1749,acton,1
1745_1749,alexandria,8
1745_1749,ambala,1
1745_1749,atlanta,3
1745_1749,austin,2
1745_1749,barbados,13
1745_1749,belize,2
1745_1749,bengal,8
1745_1749,bihar,2
1745_1749,boston,8
1745_1749,calcutta,1
1745_1749,calicut,3
1745_1749,california,1
1745_1749,camden,2
1745_1749,carrier,10
1745_1749,cayes,9
1745_1749,ceylon,2
1745_1749,chicago,2
1745_1749,cleveland,2
1745_1749,dallas,2
1745_1749,delhi,5
1745_1749,denver,1
1745_1749,edmonton,2
1745_1749,florida,2
1745_1749,fort william,2
1745_1749,frankfort,3
1745_1749,grenada,1
1745_1749,halifax,1
1745_1749,houston,1
1745_1749,hubli,1
1745_1749,hurling,1
1745_1749,idaho,6
1745_1749,illinois,7
1745_1749,indore,1
1745_1749,johore,1
1745_1749,kandy,1
1745_1749,kansas,1
1745_1749,kaveri,1
1745_1749,kingston,4
1745_1749,mackenzie,5
1745_1749,madras,3
1745_1749,maine,45
1745_1749,malabar coast,5
1745_1749,malacca,2
1745_1749,maryland,5
1745_1749,miami,5
1745_1749,mobile,6
1745_1749,montana,3
1745_1749,nevada,1
1745_1749,new england,8
1745_1749,new hampshire,2
1745_1749,new orleans,1
1745_1749,new york,10
1745_1749,newfoundland,19
1745_1749,niger,4
1745_1749,north carolina,3
1745_1749,ontario,1
1745_1749,oregon,1
1745_1749,ottawa,1
1745_1749,pequot,1
1745_1749,philadelphia,3
1745_1749,pondicherry,9
1745_1749,regina,3
1745_1749,rhode island,1
1745_1749,saskatoon,1
1745_1749,silk,41
1745_1749,south carolina,9
1745_1749,st louis,3
1745_1749,sudbury,2
1745_1749,surat,8
1745_1749,tobago,1
1745_1749,toronto,1
1745_1749,vermont,5
1745_1749,virginia,22
1750_1754,abuja,1
1750_1754,acadia,1
1750_1754,alabama,1
1750_1754,arizona,1
1750_1754,austin,1
1750_1754,baltimore,4
1750_1754,barbados,21
1750_1754,belize,1
1750_1754,bihar,1
1750_1754,boise,4
1750_1754,boston,12
1750_1754,calabar,1
1750_1754,camden,1
1750_1754,carrier,8
1750_1754,cascades,1
1750_1754,cayes,1
1750_1754,ceylon,1
1750_1754,charlotte,4
1750_1754,dallas,1
1750_1754,delhi,3
1750_1754,dominica,2
1750_1754,edmonton,1
1750_1754,florida,1
1750_1754,fort william,1
1750_1754,ganges,3
1750_1754,halifax,2
1750_1754,hartford,2
1750_1754,honduras,5
1750_1754,hubli,1
1750_1754,hurling,1
1750_1754,illinois,1
1750_1754,kandy,1
1750_1754,kingston,4
1750_1754,mackenzie,5
1750_1754,maine,42
1750_1754,maryland,20
1750_1754,miami,2
1750_1754,mobile,5
1750_1754,new england,5
1750_1754,new hampshire,1
1750_1754,new york,11
1750_1754,newfoundland,10
1750_1754,niger,2
1750_1754,north carolina,8
1750_1754,nova scotia,7
1750_1754,ottawa,2
1750_1754,philadelphia,14
1750_1754,regina,2
1750_1754,rhode island,1
1750_1754,sacramento,1
1750_1754,silk,9
1750_1754,south carolina,27
1750_1754,st lucia,1
1750_1754,sudbury,1
1750_1754,surat,1
1750_1754,texas,1
1750_1754,tobago,1
1750_1754,tripura,1
1750_1754,vermont,1
1750_1754,virginia,47
1750_1754,whitehorse,1
1755_1759,acadia,1
1755_1759,accra,3
1755_1759,alabama,1
1755_1759,alaska,1
1755_1759,alberta,2
1755_1759,arizona,2
1755_1759,austin,1
1755_1759,bahamas,1
1755_1759,barbados,25
1755_1759,benares,1
1755_1759,bengal,8
1755_1759,boise,1
1755_1759,boston,18
1755_1759,calcutta,2
1755_1759,california,2
1755_1759,camden,1
1755_1759,carrier,7
1755_1759,cayes,4
1755_1759,charlotte,4
1755_1759,cleveland,2
1755_1759,dallas,3
1755_1759,daman,1
1755_1759,delaware,1
1755_1759,delhi,7
1755_1759,denver,1
1755_1759,detroit,1
1755_1759,edmonton,1
1755_1759,florida,6
1755_1759,fort niagara,2
1755_1759,frankfort,2
1755_1759,ganges,11
1755_1759,grenada,1
1755_1759,guiana,2
1755_1759,halifax,16
1755_1759,honduras,2
1755_1759,houston,2
1755_1759,howrah,1
1755_1759,hurling,2
1755_1759,idaho,5
1755_1759,illinois,1
1755_1759,indore,1
1755_1759,kandy,1
1755_1759,kingston,1
1755_1759,madras,2
1755_1759,maine,48
1755_1759,malabar coast,2
1755_1759,manipur,1
1755_1759,maryland,11
1755_1759,miami,7
1755_1759,mobile,4
1755_1759,montreal,2
1755_1759,nevada,1
1755_1759,new england,9
1755_1759,new orleans,2
1755_1759,new york,20
1755_1759,newfoundland,15
1755_1759,niagara,3
1755_1759,niger,2
1755_1759,north carolina,9
1755_1759,nova scotia,9
1755_1759,ontario,4
1755_1759,ottawa,1
1755_1759,paiute,1
1755_1759,patna,2
1755_1759,pennsylvania,3
1755_1759,philadelphia,17
1755_1759,pondicherry,13
1755_1759,quebec,12
1755_1759,raleigh,3
1755_1759,regina,1
1755_1759,rhode island,2
1755_1759,seattle,2
1755_1759,silk,26
1755_1759,south carolina,76
1755_1759,st louis,1
1755_1759,sudbury,1
1755_1759,surat,4
1755_1759,texas,3
1755_1759,topeka,1
1755_1759,toronto,1
1755_1759,vermont,4
1755_1759,virginia,40
1755_1759,yazoo,1
1760_1764,acadia,2
1760_1764,accra,1
1760_1764,acton,3
1760_1764,ajmer,1
1760_1764,alabama,3
1760_1764,alaska,1
1760_1764,ambala,1
1760_1764,appalachian mountains,1
1760_1764,atlanta,1
1760_1764,austin,7
1760_1764,bahamas,3
1760_1764,baltimore,6
1760_1764,barbados,49
1760_1764,bengal,13
1760_1764,bihar,3
1760_1764,biloxi,1
1760_1764,boise,2
1760_1764,boston,13
1760_1764,calabar,1
1760_1764,calcutta,1
1760_1764,camden,1
1760_1764,carrier,13
1760_1764,cayes,8
1760_1764,ceylon,2
1760_1764,charlotte,15
1760_1764,cleveland,6
1760_1764,colombo,1
1760_1764,dallas,3
1760_1764,daman,2
1760_1764,delaware,3
1760_1764,delhi,10
1760_1764,denver,1
1760_1764,detroit,4
1760_1764,dominica,3
1760_1764,florida,17
1760_1764,fort william,1
1760_1764,frankfort,3
1760_1764,gambia,2
1760_1764,ganges,10
1760_1764,granada,9
1760_1764,guiana,1
1760_1764,halifax,21
1760_1764,hartford,2
1760_1764,honduras,1
1760_1764,houston,6
1760_1764,hubli,3
1760_1764,idaho,3
1760_1764,indiana,4
1760_1764,indore,2
1760_1764,johore,1
1760_1764,kingston,5
1760_1764,lansing,1
1760_1764,louisiana,11
1760_1764,mackenzie,3
1760_1764,madras,5
1760_1764,madura,2
1760_1764,maine,87
1760_1764,malabar coast,1
1760_1764,malacca,2
1760_1764,malaya,1
1760_1764,maryland,21
1760_1764,miami,6
1760_1764,mobile,10
1760_1764,montreal,9
1760_1764,new england,11
1760_1764,new hampshire,2
1760_1764,new jersey,1
1760_1764,new orleans,7
1760_1764,new york,51
1760_1764,newfoundland,16
1760_1764,niagara,2
1760_1764,niger,7
1760_1764,north carolina,5
1760_1764,nova scotia,6
1760_1764,ontario,2
1760_1764,oregon,1
1760_1764,orissa,2
1760_1764,patna,1
1760_1764,pennsylvania,5
1760_1764,pensacola,4
1760_1764,philadelphia,30
1760_1764,pondicherry,14
1760_1764,poona,2
1760_1764,quebec,36
1760_1764,raleigh,3
1760_1764,regina,1
1760_1764,rhode island,1
1760_1764,roanoke,1
1760_1764,sacramento,1
1760_1764,sierra leone,1
1760_1764,silk,41
1760_1764,south carolina,81
1760_1764,st lucia,2
1760_1764,surat,3
1760_1764,texas,2
1760_1764,tobago,2
1760_1764,trinidad,1
1760_1764,tucson,3
1760_1764,virginia,49
1760_1764,whitehorse,1
1765_1769,accra,1
1765_1769,acton,1
1765_1769,ajmer,1
1765_1769,alabama,1
1765_1769,alaska,1
1765_1769,alexandria,2
1765_1769,ambala,4
1765_1769,arizona,3
1765_1769,atlanta,2
1765_1769,austin,4
1765_1769,bahamas,1
1765_1769,baltimore,1
1765_1769,barbados,32
1765_1769,belize,1
1765_1769,bengal,46
1765_1769,benue,1
1765_1769,bihar,2
1765_1769,boise,4
1765_1769,boston,9
1765_1769,calcutta,4
1765_1769,calgary,2
1765_1769,calicut,1
1765_1769,california,1
1765_1769,camden,10
1765_1769,carrier,14
1765_1769,cayes,11
1765_1769,ceylon,2
1765_1769,charlotte,15
1765_1769,chicago,1
1765_1769,cleveland,4
1765_1769,dallas,4
1765_1769,daman,1
1765_1769,delaware,7
1765_1769,delhi,18
1765_1769,denver,4
1765_1769,detroit,4
1765_1769,dominica,8
1765_1769,florida,35
1765_1769,fort william,5
1765_1769,frankfort,2
1765_1769,gambia,4
1765_1769,ganges,11
1765_1769,grenada,1
1765_1769,guiana,3
1765_1769,gujarat,1
1765_1769,halifax,15
1765_1769,hartford,1
1765_1769,honduras,4
1765_1769,hubli,2
1765_1769,hurling,2
1765_1769,idaho,5
1765_1769,illinois,2
1765_1769,imphal,1
1765_1769,indiana,9
1765_1769,indore,1
1765_1769,jaipur,1
1765_1769,kingston,7
1765_1769,labrador,2
1765_1769,louisiana,3
1765_1769,mackenzie,2
1765_1769,madras,18
1765_1769,madura,9
1765_1769,madurai,1
1765_1769,maine,100
1765_1769,maryland,28
1765_1769,massachusetts,1
1765_1769,miami,13
1765_1769,michigan,1
1765_1769,mobile,22
1765_1769,montana,1
1765_1769,montreal,1
1765_1769,mysore,1
1765_1769,nevada,1
1765_1769,new england,15
1765_1769,new haven,1
1765_1769,new jersey,1
1765_1769,new orleans,9
1765_1769,new york,35
1765_1769,newfoundland,21
1765_1769,niger,7
1765_1769,north carolina,9
1765_1769,nova scotia,1
1765_1769,ontario,2
1765_1769,oregon,1
1765_1769,ottawa,1
1765_1769,paiute,1
1765_1769,patna,10
1765_1769,pennsylvania,3
1765_1769,pensacola,16
1765_1769,perak,1
1765_1769,philadelphia,29
1765_1769,pondicherry,3
1765_1769,quebec,16
1765_1769,raleigh,1
1765_1769,regina,6
1765_1769,seattle,4
1765_1769,sholapur,1
1765_1769,silk,51
1765_1769,south carolina,87
1765_1769,st louis,1
1765_1769,st lucia,2
1765_1769,sudbury,2
1765_1769,surat,2
1765_1769,texas,8
1765_1769,tobago,1
1765_1769,topeka,2
1765_1769,toronto,3
1765_1769,trinidad,2
1765_1769,tucson,1
1765_1769,vermont,2
1765_1769,virginia,51
1765_1769,west florida,2
1765_1769,whitehorse,1
1770_1774,acadia,1
1770_1774,accra,4
1770_1774,acton,1
1770_1774,alabama,1
1770_1774,alberta,1
1770_1774,alexandria,4
1770_1774,ambala,3
1770_1774,arizona,1
1770_1774,atlanta,6
1770_1774,austin,11
1770_1774,bahamas,1
1770_1774,baltimore,2
1770_1774,barbados,13
1770_1774,bengal,54
1770_1774,bennington,3
1770_1774,bihar,5
1770_1774,boise,3
1770_1774,boston,47
1770_1774,brazos,1
1770_1774,calcutta,33
1770_1774,calgary,1
1770_1774,camden,14
1770_1774,carrier,10
1770_1774,cascades,1
1770_1774,cayes,12
1770_1774,ceylon,1
1770_1774,charlotte,12
1770_1774,chennai,1
1770_1774,cleveland,3
1770_1774,colorado,1
1770_1774,connecticut,1
1770_1774,dallas,2
1770_1774,daman,4
1770_1774,delaware,2
1770_1774,delhi,15
1770_1774,denver,3
1770_1774,detroit,4
1770_1774,dominica,16
1770_1774,edmonton,4
1770_1774,florida,39
1770_1774,gambia,2
1770_1774,ganges,9
1770_1774,granada,2
1770_1774,grenada,7
1770_1774,guiana,3
1770_1774,halifax,7
1770_1774,hartford,14
1770_1774,honduras,36
1770_1774,honolulu,1
1770_1774,houston,1
1770_1774,hubli,2
1770_1774,hurling,10
1770_1774,idaho,4
1770_1774,illinois,2
1770_1774,indiana,11
1770_1774,jaipur,1
1770_1774,johore,1
1770_1774,kandy,1
1770_1774,kansas,1
1770_1774,kaveri,2
1770_1774,kingston,4
1770_1774,labrador,1
1770_1774,louisiana,2
1770_1774,mackenzie,3
1770_1774,madras,3
1770_1774,maine,132
1770_1774,manipur,1
1770_1774,maryland,13
1770_1774,miami,16
1770_1774,mobile,13
1770_1774,montana,2
1770_1774,montreal,2
1770_1774,nevada,1
1770_1774,new england,22
1770_1774,new hampshire,2
1770_1774,new jersey,2
1770_1774,new orleans,1
1770_1774,new york,12
1770_1774,newfoundland,6
1770_1774,niagara,4
1770_1774,niger,8
1770_1774,north carolina,11
1770_1774,nova scotia,1
1770_1774,ontario,1
1770_1774,oregon,5
1770_1774,ottawa,1
1770_1774,paiute,5
1770_1774,patna,5
1770_1774,pennsylvania,1
1770_1774,pensacola,1
1770_1774,perak,1
1770_1774,philadelphia,28
1770_1774,plassey,1
1770_1774,pondicherry,1
1770_1774,poona,1
1770_1774,quebec,10
1770_1774,regina,4
1770_1774,rhode island,1
1770_1774,silk,50
1770_1774,south carolina,92
1770_1774,sudbury,3
1770_1774,surat,2
1770_1774,texas,11
1770_1774,tobago,11
1770_1774,toronto,4
1770_1774,trinidad,1
1770_1774,tucson,1
1770_1774,vermont,8
1770_1774,virginia,34
1770_1774,wyoming,1
1770_1774,yamuna,1
1770_1774,yukon,1
1775_1779,abuja,1
1775_1779,accra,13
1775_1779,acton,8
1775_1779,ajmer,2
1775_1779,alaska,1
1775_1779,alberta,2
1775_1779,alexandria,1
1775_1779,ambala,4
1775_1779,arizona,11
1775_1779,atlanta,9
1775_1779,austin,16
1775_1779,baltimore,14
1775_1779,barbados,39
1775_1779,baroda,2
1775_1779,belize,3
1775_1779,bengal,36
1775_1779,bihar,6
1775_1779,biloxi,1
1775_1779,boston,129
1775_1779,calabar,2
1775_1779,calcutta,8
1775_1779,calgary,1
1775_1779,camden,16
1775_1779,carrier,34
1775_1779,cascades,2
1775_1779,cayes,22
1775_1779,ceylon,2
1775_1779,charlotte,39
1775_1779,cincinnati,1
1775_1779,cleveland,2
1775_1779,connecticut,11
1775_1779,dallas,8
1775_1779,daman,3
1775_1779,delaware,27
1775_1779,delhi,26
1775_1779,denver,2
1775_1779,detroit,3
1775_1779,dominica,43
1775_1779,edmonton,16
1775_1779,florida,27
1775_1779,fort orange,2
1775_1779,fort william,3
1775_1779,frankfort,1
1775_1779,gambia,10
1775_1779,ganges,31
1775_1779,granada,10
1775_1779,grenada,27
1775_1779,guiana,2
1775_1779,halifax,174
1775_1779,hartford,16
1775_1779,honduras,27
1775_1779,houston,4
1775_1779,howrah,2
1775_1779,hubli,2
1775_1779,hurling,6
1775_1779,idaho,6
1775_1779,illinois,3
1775_1779,indiana,6
1775_1779,indore,2
1775_1779,kansas,3
1775_1779,kashmir,1
1775_1779,kingston,18
1775_1779,labrador,4
1775_1779,long island,8
1775_1779,mackenzie,13
1775_1779,madras,14
1775_1779,madura,1
1775_1779,madurai,1
1775_1779,maine,232
1775_1779,malaya,1
1775_1779,manipur,2
1775_1779,maryland,66
1775_1779,mathura,1
1775_1779,miami,21
1775_1779,michigan,1
1775_1779,mobile,22
1775_1779,montana,3
1775_1779,montreal,11
1775_1779,nashville,1
1775_1779,navajo,1
1775_1779,nevada,1
1775_1779,new england,61
1775_1779,new hampshire,8
1775_1779,new haven,1
1775_1779,new jersey,2
1775_1779,new orleans,1
1775_1779,new york,320
1775_1779,newfoundland,91
1775_1779,niagara,1
1775_1779,niger,32
1775_1779,north carolina,37
1775_1779,nova scotia,23
1775_1779,ontario,4
1775_1779,oregon,4
1775_1779,orissa,1
1775_1779,ottawa,1
1775_1779,paiute,2
1775_1779,patna,13
1775_1779,penang,1
1775_1779,pennsylvania,15
1775_1779,pensacola,17
1775_1779,philadelphia,172
1775_1779,pondicherry,5
1775_1779,poona,4
1775_1779,quebec,104
1775_1779,raleigh,9
1775_1779,regina,19
1775_1779,rhode island,17
1775_1779,seattle,2
1775_1779,silk,73
1775_1779,south carolina,647
1775_1779,st louis,4
1775_1779,st lucia,7
1775_1779,sudbury,11
1775_1779,surat,1
1775_1779,tanjore,5
1775_1779,tennessee,1
1775_1779,texas,8
1775_1779,tobago,34
1775_1779,toronto,4
1775_1779,tripura,1
1775_1779,tucson,2
1775_1779,valley forge,1
1775_1779,vermont,9
1775_1779,virginia,122
1775_1779,whitehorse,5
1780_1784,abuja,1
1780_1784,acadia,1
1780_1784,accra,11
1780_1784,acton,4
1780_1784,alabama,1
1780_1784,alberta,3
1780_1784,alexandria,3
1780_1784,ambala,9
1780_1784,arizona,5
1780_1784,atlanta,4
1780_1784,austin,8
1780_1784,bahamas,25
1780_1784,baltimore,2
1780_1784,barbados,37
1780_1784,belize,2
1780_1784,benares,1
1780_1784,bengal,115
1780_1784,bihar,5
1780_1784,biloxi,1
1780_1784,boise,3
1780_1784,boston,27
1780_1784,calabar,1
1780_1784,calcutta,13
1780_1784,calgary,2
1780_1784,calicut,3
1780_1784,camden,9
1780_1784,carrier,17
1780_1784,cascades,1
1780_1784,cayes,17
1780_1784,ceylon,10
1780_1784,charlotte,23
1780_1784,chennai,1
1780_1784,cincinnati,2
1780_1784,cleveland,3
1780_1784,colombo,1
1780_1784,dallas,13
1780_1784,daman,3
1780_1784,deccan,1
1780_1784,delaware,7
1780_1784,delhi,21
1780_1784,denver,4
1780_1784,detroit,2
1780_1784,dominica,3
1780_1784,edmonton,4
1780_1784,florida,27
1780_1784,fort frontenac,1
1780_1784,fort william,5
1780_1784,frankfort,3
1780_1784,gambia,3
1780_1784,ganges,19
1780_1784,granada,1
1780_1784,grenada,14
1780_1784,guiana,3
1780_1784,halifax,30
1780_1784,hartford,8
1780_1784,honduras,5
1780_1784,houston,3
1780_1784,howrah,1
1780_1784,hubli,2
1780_1784,hurling,8
1780_1784,idaho,10
1780_1784,illinois,5
1780_1784,indiana,5
1780_1784,indore,4
1780_1784,johore,1
1780_1784,kandy,1
1780_1784,kansas,3
1780_1784,kedah,1
1780_1784,kingston,10
1780_1784,krishna,1
1780_1784,labrador,1
1780_1784,lansing,3
1780_1784,louisiana,2
1780_1784,mackenzie,5
1780_1784,madras,106
1780_1784,maine,178
1780_1784,malabar coast,1
1780_1784,malacca,4
1780_1784,maryland,53
1780_1784,mathura,1
1780_1784,miami,20
1780_1784,mobile,29
1780_1784,montana,2
1780_1784,montreal,6
1780_1784,nagpur,2
1780_1784,nashville,1
1780_1784,nevada,5
1780_1784,new england,13
1780_1784,new hampshire,1
1780_1784,new haven,6
1780_1784,new jersey,2
1780_1784,new orleans,6
1780_1784,new york,118
1780_1784,newfoundland,33
1780_1784,niagara,3
1780_1784,niger,8
1780_1784,north carolina,17
1780_1784,nova scotia,12
1780_1784,ontario,3
1780_1784,oregon,2
1780_1784,orissa,1
1780_1784,ottawa,2
1780_1784,paiute,1
1780_1784,patna,2
1780_1784,pennsylvania,13
1780_1784,pensacola,9
1780_1784,perak,1
1780_1784,philadelphia,40
1780_1784,pondicherry,10
1780_1784,quebec,27
1780_1784,raleigh,10
1780_1784,regina,80
1780_1784,rhode island,2
1780_1784,roanoke,2
1780_1784,san antonio,1
1780_1784,seattle,2
1780_1784,silk,76
1780_1784,south carolina,105
1780_1784,srinagar,1
1780_1784,st louis,1
1780_1784,st lucia,29
1780_1784,sudbury,12
1780_1784,surat,1
1780_1784,taiping,1
1780_1784,tanjore,8
1780_1784,texas,9
1780_1784,tobago,28
1780_1784,trincomalee,19
1780_1784,truckee,1
1780_1784,tucson,3
1780_1784,united states of america,31
1780_1784,vermont,8
1780_1784,virginia,66
1780_1784,west florida,1
1780_1784,whitehorse,2
1785_1789,acadia,1
1785_1789,accra,2
1785_1789,ajmer,1
1785_1789,alabama,1
1785_1789,alaska,4
1785_1789,alberta,3
1785_1789,alexandria,6
1785_1789,ambala,2
1785_1789,arizona,7
1785_1789,assam,2
1785_1789,atlanta,1
1785_1789,aurangabad,1
1785_1789,austin,7
1785_1789,bahamas,9
1785_1789,baltimore,12
1785_1789,barbados,41
1785_1789,baroda,1
1785_1789,belize,4
1785_1789,benares,6
1785_1789,bengal,157
1785_1789,bhopal,1
1785_1789,bihar,6
1785_1789,biloxi,1
1785_1789,boise,5
1785_1789,boston,12
1785_1789,brazos,1
1785_1789,calabar,1
1785_1789,calcutta,41
1785_1789,calgary,11
1785_1789,calicut,3
1785_1789,california,1
1785_1789,camden,9
1785_1789,carrier,13
1785_1789,cayes,21
1785_1789,ceylon,8
1785_1789,charlotte,20
1785_1789,cleveland,1
1785_1789,colorado,2
1785_1789,connecticut,1
1785_1789,coorg,3
1785_1789,dallas,10
1785_1789,daman,1
1785_1789,delaware,3
1785_1789,delhi,25
1785_1789,denver,2
1785_1789,detroit,3
1785_1789,dominica,8
1785_1789,edmonton,5
1785_1789,florida,8
1785_1789,fort william,8
1785_1789,frankfort,7
1785_1789,gambia,4
1785_1789,ganges,24
1785_1789,granada,3
1785_1789,grenada,14
1785_1789,guiana,3
1785_1789,gujarat,1
1785_1789,gwalior,1
1785_1789,halifax,15
1785_1789,hartford,3
1785_1789,honduras,10
1785_1789,hooghly,2
1785_1789,houston,1
1785_1789,hubli,4
1785_1789,hurling,6
1785_1789,hyderabad,1
1785_1789,idaho,9
1785_1789,illinois,3
1785_1789,imphal,1
1785_1789,indiana,3
1785_1789,indore,1
1785_1789,jaipur,1
1785_1789,johore,1
1785_1789,kansas,4
1785_1789,kentucky,1
1785_1789,kingston,16
1785_1789,louisiana,2
1785_1789,lucknow,2
1785_1789,mackenzie,10
1785_1789,madras,40
1785_1789,maine,137
1785_1789,malabar coast,2
1785_1789,malacca,1
1785_1789,managua,1
1785_1789,maryland,16
1785_1789,miami,30
1785_1789,missouri,2
1785_1789,mobile,32
1785_1789,montana,2
1785_1789,montreal,6
1785_1789,mysore,1
1785_1789,navajo,1
1785_1789,nevada,2
1785_1789,new brunswick,6
1785_1789,new calabar,1
1785_1789,new england,8
1785_1789,new hampshire,1
1785_1789,new haven,3
1785_1789,new jersey,1
1785_1789,new orleans,1
1785_1789,new york,20
1785_1789,newfoundland,15
1785_1789,niagara,1
1785_1789,niger,10
1785_1789,north carolina,4
1785_1789,nova scotia,9
1785_1789,ontario,4
1785_1789,oregon,5
1785_1789,orissa,1
1785_1789,ottawa,2
1785_1789,paiute,3
1785_1789,patna,148
1785_1789,penang,1
1785_1789,pennsylvania,4
1785_1789,pensacola,1
1785_1789,philadelphia,38
1785_1789,pondicherry,4
1785_1789,poona,3
1785_1789,quebec,23
1785_1789,raleigh,4
1785_1789,regina,34
1785_1789,rhode island,4
1785_1789,seattle,4
1785_1789,sholapur,1
1785_1789,sierra leone,2
1785_1789,silk,61
1785_1789,sokoto,1
1785_1789,south carolina,32
1785_1789,srinagar,1
1785_1789,st louis,2
1785_1789,sudbury,4
1785_1789,surat,5
1785_1789,tanjore,4
1785_1789,texas,10
1785_1789,tobago,6
1785_1789,topeka,1
1785_1789,trincomalee,2
1785_1789,trinidad,2
1785_1789,united states of america,35
1785_1789,varanasi,1
1785_1789,vermont,7
1785_1789,virginia,31
1790_1794,abuja,1
1790_1794,acadia,4
1790_1794,accra,6
1790_1794,acton,11
1790_1794,alaska,1
1790_1794,alberta,2
1790_1794,alexandria,4
1790_1794,ambala,3
1790_1794,amritsar,1
1790_1794,arizona,5
1790_1794,atlanta,6
1790_1794,austin,14
1790_1794,bahamas,1
1790_1794,baltimore,15
1790_1794,barbados,19
1790_1794,baroda,1
1790_1794,benares,3
1790_1794,bengal,110
1790_1794,bhopal,1
1790_1794,bihar,5
1790_1794,biloxi,6
1790_1794,boise,5
1790_1794,boston,26
1790_1794,calabar,1
1790_1794,calcutta,26
1790_1794,calgary,3
1790_1794,calicut,4
1790_1794,camden,19
1790_1794,carrier,19
1790_1794,cascades,1
1790_1794,cayes,19
1790_1794,ceylon,3
1790_1794,charlotte,38
1790_1794,chennai,1
1790_1794,cleveland,7
1790_1794,colombo,1
1790_1794,colorado,1
1790_1794,connecticut,2
1790_1794,coorg,2
1790_1794,dallas,10
1790_1794,deccan,2
1790_1794,delaware,7
1790_1794,delhi,18
1790_1794,denver,3
1790_1794,detroit,5
1790_1794,dominica,12
1790_1794,edmonton,4
1790_1794,florida,8
1790_1794,fort william,12
1790_1794,frankfort,16
1790_1794,gambia,3
1790_1794,ganges,17
1790_1794,granada,2
1790_1794,grenada,15
1790_1794,guiana,1
1790_1794,gujarat,5
1790_1794,halifax,14
1790_1794,hartford,14
1790_1794,honduras,8
1790_1794,houston,4
1790_1794,hubli,5
1790_1794,hurling,3
1790_1794,hyderabad,1
1790_1794,idaho,11
1790_1794,illinois,6
1790_1794,indiana,3
1790_1794,indore,3
1790_1794,kansas,3
1790_1794,kentucky,2
1790_1794,kingston,14
1790_1794,knoxville,1
1790_1794,labrador,2
1790_1794,louisville,1
1790_1794,lucknow,1
1790_1794,mackenzie,5
1790_1794,madras,68
1790_1794,madura,4
1790_1794,madurai,1
1790_1794,maine,201
1790_1794,malabar coast,13
1790_1794,manitoba,1
1790_1794,maryland,12
1790_1794,miami,34
1790_1794,mobile,21
1790_1794,montana,4
1790_1794,montreal,3
1790_1794,mysore,9
1790_1794,navajo,1
1790_1794,nevada,5
1790_1794,new brunswick,1
1790_1794,new england,4
1790_1794,new haven,2
1790_1794,new orleans,2
1790_1794,new york,26
1790_1794,newfoundland,22
1790_1794,niagara,3
1790_1794,niger,12
1790_1794,north carolina,3
1790_1794,nova scotia,2
1790_1794,ontario,6
1790_1794,oregon,7
1790_1794,orissa,2
1790_1794,ottawa,2
1790_1794,paiute,1
1790_1794,patna,59
1790_1794,penang,1
1790_1794,pennsylvania,2
1790_1794,pensacola,3
1790_1794,philadelphia,32
1790_1794,pondicherry,9
1790_1794,poona,3
1790_1794,quebec,8
1790_1794,raleigh,2
1790_1794,regina,71
1790_1794,rhode island,2
1790_1794,seattle,7
1790_1794,sierra leone,8
1790_1794,silk,59
1790_1794,south carolina,38
1790_1794,st louis,2
1790_1794,st lucia,5
1790_1794,sudbury,7
1790_1794,surat,30
1790_1794,tanjore,11
1790_1794,texas,12
1790_1794,tobago,9
1790_1794,topeka,1
1790_1794,toronto,6
1790_1794,trinidad,1
1790_1794,tucson,2
1790_1794,united states of america,8
1790_1794,vermont,7
1790_1794,virginia,36
1790_1794,whitehorse,1
1790_1794,wyoming,1
1790_1794,yazoo,1
1795_1799,acadia,1
1795_1799,accra,2
1795_1799,acton,5
1795_1799,ajmer,1
1795_1799,alaska,2
1795_1799,alberta,2
1795_1799,alexandria,33
1795_1799,ambala,7
1795_1799,arizona,5
1795_1799,assam,3
1795_1799,atlanta,11
1795_1799,austin,34
1795_1799,bahamas,11
1795_1799,baltimore,30
1795_1799,barbados,29
1795_1799,belize,1
1795_1799,benares,3
1795_1799,bengal,236
1795_1799,bennington,2
1795_1799,benue,1
1795_1799,bihar,6
1795_1799,biloxi,3
1795_1799,boise,11
1795_1799,boston,41
1795_1799,calabar,1
1795_1799,calcutta,74
1795_1799,calgary,4
1795_1799,calicut,4
1795_1799,camden,20
1795_1799,carrier,63
1795_1799,cascades,3
1795_1799,cayes,21
1795_1799,ceylon,19
1795_1799,charlotte,51
1795_1799,chennai,1
1795_1799,chicago,2
1795_1799,cleveland,5
1795_1799,colombo,18
1795_1799,colorado,2
1795_1799,connecticut,2
1795_1799,dallas,10
1795_1799,daman,2
1795_1799,deccan,1
1795_1799,delaware,1
1795_1799,delhi,40
1795_1799,denver,5
1795_1799,detroit,10
1795_1799,dominica,15
1795_1799,edmonton,7
1795_1799,florida,7
1795_1799,fort william,6
1795_1799,frankfort,11
1795_1799,gambia,3
1795_1799,ganges,40
1795_1799,granada,2
1795_1799,grenada,34
1795_1799,guiana,7
1795_1799,halifax,32
1795_1799,hartford,14
1795_1799,honduras,7
1795_1799,houston,6
1795_1799,hubli,5
1795_1799,hurling,5
1795_1799,hyderabad,2
1795_1799,idaho,21
1795_1799,illinois,11
1795_1799,imphal,2
1795_1799,indiana,8
1795_1799,indore,6
1795_1799,kansas,7
1795_1799,kedah,1
1795_1799,kentucky,1
1795_1799,kingston,19
1795_1799,labrador,3
1795_1799,louisiana,2
1795_1799,lucknow,1
1795_1799,mackenzie,10
1795_1799,madras,94
1795_1799,madurai,1
1795_1799,maine,276
1795_1799,malabar coast,7
1795_1799,malacca,9
1795_1799,malaya,1
1795_1799,managua,1
1795_1799,manitoba,1
1795_1799,maryland,12
1795_1799,miami,42
1795_1799,michigan,1
1795_1799,missouri,1
1795_1799,mobile,17
1795_1799,montana,5
1795_1799,montreal,5
1795_1799,mysore,4
1795_1799,nashville,1
1795_1799,navajo,1
1795_1799,nevada,2
1795_1799,new calabar,1
1795_1799,new england,1
1795_1799,new hampshire,3
1795_1799,new haven,1
1795_1799,new jersey,2
1795_1799,new york,80
1795_1799,newfoundland,29
1795_1799,niagara,1
1795_1799,niger,18
1795_1799,north carolina,9
1795_1799,nova scotia,6
1795_1799,ontario,10
1795_1799,oregon,4
1795_1799,orissa,3
1795_1799,ottawa,2
1795_1799,paiute,3
1795_1799,patna,12
1795_1799,penang,3
1795_1799,pennsylvania,4
1795_1799,pensacola,1
1795_1799,philadelphia,66
1795_1799,pondicherry,2
1795_1799,poona,1
1795_1799,quebec,31
1795_1799,raleigh,5
1795_1799,regina,31
1795_1799,rhode island,6
1795_1799,roanoke,1
1795_1799,seattle,12
1795_1799,sierra leone,4
1795_1799,silk,140
1795_1799,south carolina,5
1795_1799,st lucia,10
1795_1799,sudbury,12
1795_1799,surat,10
1795_1799,taiping,1
1795_1799,texas,19
1795_1799,tobago,17
1795_1799,toronto,4
1795_1799,trincomalee,12
1795_1799,trinidad,30
1795_1799,tucson,4
1795_1799,united states of america,15
1795_1799,vancouver,5
1795_1799,vermont,15
1795_1799,virginia,37
1795_1799,wisconsin,1
1800_1804,abuja,1
1800_1804,acadia,1
1800_1804,accra,1
1800_1804,acton,2
1800_1804,alaska,1
1800_1804,alberta,2
1800_1804,alexandria,22
1800_1804,allahabad,2
1800_1804,arizona,2
1800_1804,atlanta,4
1800_1804,austin,12
1800_1804,bahamas,1
1800_1804,baltimore,17
1800_1804,barbados,1
1800_1804,benares,1
1800_1804,bengal,57
1800_1804,benue,1
1800_1804,bhopal,1
1800_1804,bihar,9
1800_1804,biloxi,1
1800_1804,boise,5
1800_1804,boston,9
1800_1804,calcutta,4
1800_1804,camden,2
1800_1804,carrier,55
1800_1804,cayes,9
1800_1804,ceylon,3
1800_1804,charlotte,18
1800_1804,chennai,1
1800_1804,chicago,1
1800_1804,cleveland,1
1800_1804,colombo,1
1800_1804,colorado,1
1800_1804,dallas,6
1800_1804,daman,1
1800_1804,deccan,1
1800_1804,delaware,1
1800_1804,delhi,12
1800_1804,detroit,2
1800_1804,florida,3
1800_1804,fort william,1
1800_1804,frankfort,3
1800_1804,ganges,10
1800_1804,grenada,4
1800_1804,guiana,1
1800_1804,gwalior,1
1800_1804,halifax,12
1800_1804,hartford,2
1800_1804,honduras,1
1800_1804,houston,5
1800_1804,hubli,1
1800_1804,hurling,1
1800_1804,idaho,6
1800_1804,illinois,1
1800_1804,indiana,4
1800_1804,indore,4
1800_1804,jaipur,1
1800_1804,kaveri,1
1800_1804,kingston,4
1800_1804,labrador,1
1800_1804,lansing,2
1800_1804,louisiana,1
1800_1804,mackenzie,3
1800_1804,madras,23
1800_1804,madura,2
1800_1804,maine,88
1800_1804,malabar coast,3
1800_1804,malacca,1
1800_1804,malaya,1
1800_1804,maryland,5
1800_1804,miami,15
1800_1804,mississippi,2
1800_1804,mobile,9
1800_1804,mojave,1
1800_1804,montana,1
1800_1804,mysore,2
1800_1804,nagpur,1
1800_1804,navajo,1
1800_1804,new brunswick,2
1800_1804,new haven,1
1800_1804,new orleans,1
1800_1804,new york,27
1800_1804,newfoundland,8
1800_1804,niger,8
1800_1804,nova scotia,4
1800_1804,ontario,2
1800_1804,oregon,3
1800_1804,orissa,1
1800_1804,ottawa,1
1800_1804,patna,5
1800_1804,penang,1
1800_1804,philadelphia,13
1800_1804,pondicherry,1
1800_1804,poona,2
1800_1804,quebec,37
1800_1804,raleigh,1
1800_1804,regina,3
1800_1804,roanoke,1
1800_1804,seattle,1
1800_1804,sierra leone,1
1800_1804,silk,29
1800_1804,st lucia,1
1800_1804,sudbury,2
1800_1804,texas,12
1800_1804,tobago,1
1800_1804,trinidad,3
1800_1804,tucson,2
1800_1804,united states of america,1
1800_1804,vancouver,1
1800_1804,vermont,1
1800_1804,virginia,13
1800_1804,yukon,1
